taskQuestion,correctAnswer,list,condition,sentence,trigger,trigger224,trigger225,trigger226,trigger227,trigger228,trigger229,trigger230,trigger231,word_trigger,trigger224w,trigger225w,trigger226w,trigger227w,trigger228w,trigger229w,trigger230w,trigger231w,wordcount
هي ديه كانت جملة تدريبية؟,9.0,,practice,ديه هي جملتك التدريبية الأولى.,0,0,0,0,0,0,0,0,0,0,0,0,0,0,0,0,0,0,5
هي ديه كمان كانت جملة تدريبية؟,9.0,,practice,و ديه جملة تنية للتدريب.,0,0,0,0,0,0,0,0,0,0,0,0,0,0,0,0,0,0,5
,,,practice,مهم انك تخلي رأسك ثابتة الوقت كلة.,0,0,0,0,0,0,0,0,0,0,0,0,0,0,0,0,0,0,7
,,,practice,ومن فضلك حاول مترمش لما تشوف الجمل.,0,0,0,0,0,0,0,0,0,0,0,0,0,0,0,0,0,0,7
هو ممكن ترمش و الجملة على الشاشة؟,7.0,,practice,ممكن الرمش بعد الجملة وأثناء الأسئلة!,0,0,0,0,0,0,0,0,0,0,0,0,0,0,0,0,0,0,6
,,,practice,ولازم كمان تحاول تسترخي قدر الإمكان.,0,0,0,0,0,0,0,0,0,0,0,0,0,0,0,0,0,0,6
هو يمكن تبص للجنب؟,7.0,,practice,حافظ على تركيز عينيك على الصندوق الموجود في النص.,0,0,0,0,0,0,0,0,0,0,0,0,0,0,0,0,0,0,9
,,,practice,وحاول تخلي وشك مسترخي.,0,0,0,0,0,0,0,0,0,0,0,0,0,0,0,0,0,0,4
,,,practice,خذ لحظة عشان تسأل أي أسئلة.,0,0,0,0,0,0,0,0,0,0,0,0,0,0,0,0,0,0,6
هو حيكون في جمل تدريبية تنية؟,7.0,,practice,ده هو المثال الأخير للجمل.,0,0,0,0,0,0,0,0,0,0,0,0,0,0,0,0,0,0,5
,,,,break,0,0,0,0,0,0,0,0,0,0,0,0,0,0,0,0,0,0,1
هو الرسام بيتمرن في المعهد؟,7.0,1.0,BVA.76,كل رسام صبور بيمرن نفسه في الورشة.,68,0,1,0,0,0,1,0,0,1,0,0,0,0,0,0,0,1,7
,,1.0,congruent.01,أنثى الفرخة اسمها دجاجة.,4,0,0,0,0,0,1,0,0,1,0,0,0,0,0,0,0,1,4
,,1.0,NP.16,كل عروسة جديدة بتدلع العريس قبل الفرح.,65,0,1,0,0,0,0,0,1,1,0,0,0,0,0,0,0,1,7
,,1.0,BA.31,لما هو كان في المستشفى الدكتور عالج العيان.,34,0,0,1,0,0,0,1,0,1,0,0,0,0,0,0,0,1,8
هو كان في اجتماع امبارح؟,9.0,1.0,in-situ.01,‏هو كان المدير الجديد عايز ايه في الاجتماع امبارح؟,132,1,0,0,0,0,1,0,0,1,0,0,0,0,0,0,0,1,9
,,1.0,Control.46,لما أنا كنت في الموقع المهندس راجع التصميم.,33,0,0,1,0,0,0,0,1,1,0,0,0,0,0,0,0,1,8
,,1.0,yn.38,هو كانت المذيعة اللطيفة بتكلم الفنانة على الراديو الصبح؟,129,1,0,0,0,0,0,0,1,1,0,0,0,0,0,0,0,1,9
,,1.0,RA.60,السواء الاوبر بيراجع نفسه قبل الرحلة.,66,0,1,0,0,0,0,1,0,1,0,0,0,0,0,0,0,1,6
هي الممرضة نصحت الدكتور؟,7.0,1.0,BA.1,لما هي كانت في المستشفى الممرضة نصحت العيان.,34,0,0,1,0,0,0,1,0,1,0,0,0,0,0,0,0,1,8
,,1.0,NP.45,كل مسلمة ملتزمة بتفكر عشان الصلاة.,65,0,1,0,0,0,0,0,1,1,0,0,0,0,0,0,0,1,6
,,1.0,yn.26,هو كانت الست المستعجلة نسيت التليفون في البيت فوق؟,129,1,0,0,0,0,0,0,1,1,0,0,0,0,0,0,0,1,9
,,1.0,Control.16,لما أنا كنت في الجنينة الفلاحة ترضت الولاد.,33,0,0,1,0,0,0,0,1,1,0,0,0,0,0,0,0,1,8
,,1.0,in-situ.02,‏هو كان الفنان الموهوب رسم مين في اللوحة المشهورة؟,132,1,0,0,0,0,1,0,0,1,0,0,0,0,0,0,0,1,9
,,1.0,incongruent.46,ندى سخنت ببرونة اللبن بتاعت الشغل.,22,0,0,0,1,0,1,1,0,1,0,0,0,0,0,0,0,1,6
هو كان في مسابقة في المدرسة؟,9.0,1.0,cleft.63,ايه الي كانت الرسامه المبدعة بترسمه في المسابقة المدرسية؟,136,1,0,0,0,1,0,0,0,1,0,0,0,0,0,0,0,1,9
,,1.0,RA.30,الرياضية المبتدأه بتهيأ نفسها قبل التمرين.,66,0,1,0,0,0,0,1,0,1,0,0,0,0,0,0,0,1,6
,,1.0,congruent.16,القطة متغطية بفرو أبيض.,4,0,0,0,0,0,1,0,0,1,0,0,0,0,0,0,0,1,4
,,1.0,cleft.61,مين الي كانت الست الطيبة بتساعده في غرفة الطارئ؟,136,1,0,0,0,1,0,0,0,1,0,0,0,0,0,0,0,1,9
,,1.0,incongruent.31,بعد ما اتسرق اتصل الضحية بالكيلومتر.,22,0,0,0,1,0,1,1,0,1,0,0,0,0,0,0,0,1,6
,,1.0,BVA.01,كل طالبة مجتهدة بتكافئ نفسها بعد الامتحان.,68,0,1,0,0,0,1,0,0,1,0,0,0,0,0,0,0,1,7
,,,,break,0,0,0,0,0,0,0,0,0,0,0,0,0,0,0,0,0,0,1
,,1.0,cleft.62,مين الي كانت البنت النشيطة بتارضه في جنينة الحي؟,136,1,0,0,0,1,0,0,0,1,0,0,0,0,0,0,0,1,9
,,1.0,BVA.76,كل رياضي مهتم بيحسن نفسه قبل المسابقة.,68,0,1,0,0,0,1,0,0,1,0,0,0,0,0,0,0,1,7
هي الدكتورة بتشتغل في المستشفى؟,9.0,1.0,NP.17,كل دكتورة كبيرة بتعالج المرضى في المستشفى.,65,0,1,0,0,0,0,0,1,1,0,0,0,0,0,0,0,1,7
,,1.0,in-situ.03,هو كان المذيع السياسي بينتقد مين في المقابلة الأخيرة؟,132,1,0,0,0,0,1,0,0,1,0,0,0,0,0,0,0,1,9
,,1.0,congruent.17,نيويورك مدينة مزعجة و زحمة.,4,0,0,0,0,0,1,0,0,1,0,0,0,0,0,0,0,1,5
,,1.0,yn.39,هو كانت الملكة العادله بتفضل الاقدم من الوزرة الملكين؟,129,1,0,0,0,0,0,0,1,1,0,0,0,0,0,0,0,1,9
,,1.0,RA.62,الموسيقار الحساس بيسمع نفسه في التسجيلات.,66,0,1,0,0,0,0,1,0,1,0,0,0,0,0,0,0,1,6
هو الولد كان قاعد ساكت؟,7.0,1.0,cleft.65,ايه الي كان الولد الشقي بيكسره في أوضة اللعب؟,136,1,0,0,0,1,0,0,0,1,0,0,0,0,0,0,0,1,9
,,1.0,BA.2,لما هي كانت في الحضانة المدرسة علمت الاطفال.,34,0,0,1,0,0,0,1,0,1,0,0,0,0,0,0,0,1,8
,,1.0,in-situ.06,هو كانت االطالبة المجتهدة بتذاكر ايه من المواد الصعبة؟,132,1,0,0,0,0,1,0,0,1,0,0,0,0,0,0,0,1,9
,,1.0,Control.47,لما أنا كنت في المكتب المحاسب راجع الحسابات.,33,0,0,1,0,0,0,0,1,1,0,0,0,0,0,0,0,1,8
,,1.0,RA.31,المحاسبة الجديدة بتعلم نفسها عشان التفوق.,66,0,1,0,0,0,0,1,0,1,0,0,0,0,0,0,0,1,6
هي الطباخة علمت المحترفين؟,7.0,1.0,Control.17,لما أنا كنت في المطبخ الطباخة علمت المبتدئين.,33,0,0,1,0,0,0,0,1,1,0,0,0,0,0,0,0,1,8
,,1.0,yn.27,هو كانت المدرسة البشوشه تغني النشيد في الطابور الصبح؟,129,1,0,0,0,0,0,0,1,1,0,0,0,0,0,0,0,1,9
,,1.0,incongruent.47,سيف ملى القلم باللبن.,20,0,0,0,1,0,1,0,0,1,0,0,0,0,0,0,0,1,4
,,1.0,BVA.02,كل رياضية أولمبية بتشوف نفسها في الجرنان.,68,0,1,0,0,0,1,0,0,1,0,0,0,0,0,0,0,1,7
,,1.0,NP.46,كل موظف شقيان بيكافئ المساعدين بعد المشروع.,65,0,1,0,0,0,0,0,1,1,0,0,0,0,0,0,0,1,7
,,1.0,incongruent.32,بعد العشا هما غسلوا الجنينة.,21,0,0,0,1,0,1,0,1,1,0,0,0,0,0,0,0,1,5
,,1.0,BA.32,لما هو كان في الموقع المهندس لاحظ الفورمن.,34,0,0,1,0,0,0,1,0,1,0,0,0,0,0,0,0,1,8
هي مريم غسلت سنانها؟,9.0,1.0,congruent.02,مريم بتغسل سنانها بعد كل وجبة.,6,0,0,0,0,0,1,1,0,1,0,0,0,0,0,0,0,1,6
,,,,break,0,0,0,0,0,0,0,0,0,0,0,0,0,0,0,0,0,0,1
,,1.0,congruent.18,رحمة وزنت نفسها على ميزان الحمام.,6,0,0,0,0,0,1,1,0,1,0,0,0,0,0,0,0,1,6
هي المسافرة كانت جاهزة؟,9.0,1.0,RA.32,المسافرة المتحمسة بتجهز نفسها قبل الرحلة.,66,0,1,0,0,0,0,1,0,1,0,0,0,0,0,0,0,1,6
,,1.0,Control.48,لما أنا كنت في العمليات الدكتور كسر الجهاز.,33,0,0,1,0,0,0,0,1,1,0,0,0,0,0,0,0,1,8
,,1.0,NP.47,كل ممثل مشهور بيشوف الزملاء في المسلسلات.,65,0,1,0,0,0,0,0,1,1,0,0,0,0,0,0,0,1,7
هو كريم كان بيكنس؟,9.0,1.0,incongruent.48,كريم كنس الأرض بأجتماع.,20,0,0,0,1,0,1,0,0,1,0,0,0,0,0,0,0,1,4
,,1.0,BA.3,لما هي كانت في الجنينة الناني فسحت الولاد.,34,0,0,1,0,0,0,1,0,1,0,0,0,0,0,0,0,1,8
,,1.0,BVA.03,كل مرشدة سياحية بتصور نفسها عند الاثار.,68,0,1,0,0,0,1,0,0,1,0,0,0,0,0,0,0,1,7
,,1.0,incongruent.33,كل الكواكب بيلفو حولين الارقام.,21,0,0,0,1,0,1,0,1,1,0,0,0,0,0,0,0,1,5
,,1.0,NP.61,كل محامية متوترة بتراجع المتهم قبل الجلسة.,65,0,1,0,0,0,0,0,1,1,0,0,0,0,0,0,0,1,7
,,1.0,cleft.67,ايه الي كان التاجر الغني بيشتريه من سوق الذهب؟,136,1,0,0,0,1,0,0,0,1,0,0,0,0,0,0,0,1,9
,,1.0,BVA.78,كل متسلق خبير بيرتب نفسه قبل التسلق.,68,0,1,0,0,0,1,0,0,1,0,0,0,0,0,0,0,1,7
هو أحمد بيريح بعد الرياضة؟,7.0,1.0,congruent.03,قبل ممارسة الرياضة أحمد بيمدد عضلاته.,7,0,0,0,0,0,1,1,1,1,0,0,0,0,0,0,0,1,6
,,1.0,in-situ.08,هو كان الولد الصغير كسب ايه في مسابقة الرسم؟,132,1,0,0,0,0,1,0,0,1,0,0,0,0,0,0,0,1,9
,,1.0,Control.18,لما أنا كنت في الفصل المدرسة هزأت الطلاب.,33,0,0,1,0,0,0,0,1,1,0,0,0,0,0,0,0,1,8
,,1.0,yn.40,هو كانت المراسلة المهمة وصلت الخادم من سكان القصر؟,129,1,0,0,0,0,0,0,1,1,0,0,0,0,0,0,0,1,9
,,1.0,BA.33,لما هو كان في المطار الطيار قابل المضيفة.,34,0,0,1,0,0,0,1,0,1,0,0,0,0,0,0,0,1,8
,,1.0,in-situ.04,هو كان الاب الفخور بيشجع مين في ماتش الكورة؟,132,1,0,0,0,0,1,0,0,1,0,0,0,0,0,0,0,1,9
هو المحامية كانت جبانة؟,7.0,1.0,yn.28,هو كانت المحامية الجريئة بتعرض الحقيقه في جلسة المحكمه؟,129,1,0,0,0,0,0,0,1,1,0,0,0,0,0,0,0,1,9
,,1.0,RA.63,الراجل اللغني بيدلع نفسة بعد الشغل.,66,0,1,0,0,0,0,1,0,1,0,0,0,0,0,0,0,1,6
,,1.0,cleft.64,مين الي كانت الست العجوزة مستنياه في العيادة الزحمة؟,136,1,0,0,0,1,0,0,0,1,0,0,0,0,0,0,0,1,9
,,,,break,0,0,0,0,0,0,0,0,0,0,0,0,0,0,0,0,0,0,1
,,1.0,RA.64,الصيدلي العيان بيعالج نفسه في الصيدلية.,66,0,1,0,0,0,0,1,0,1,0,0,0,0,0,0,0,1,6
هي المضيفة اهملت المسافرين؟,7.0,1.0,BA.4,لما هي كانت علي الطيارة المضيفة ساعدت المسافرين.,34,0,0,1,0,0,0,1,0,1,0,0,0,0,0,0,0,1,8
,,1.0,yn.29,هو كان الممرض القلوق بيراجع الحالات ابل النبطشية الجيه؟,129,1,0,0,0,0,0,0,1,1,0,0,0,0,0,0,0,1,9
,,1.0,BVA.79,كل اب غايب بيلوم نفسه على الغياب.,68,0,1,0,0,0,1,0,0,1,0,0,0,0,0,0,0,1,7
هي المرشحة القت خطاب؟,9.0,1.0,in-situ.10,هو كانت الوزيرة المرشحة بتقترح ايه في خطبها الاخير؟,132,1,0,0,0,0,1,0,0,1,0,0,0,0,0,0,0,1,9
,,1.0,incongruent.34,بلال حط صلصة على المرض.,21,0,0,0,1,0,1,0,1,1,0,0,0,0,0,0,0,1,5
,,1.0,Control.49,لما أنا كنت في المحطة الضابط حل القضية.,33,0,0,1,0,0,0,0,1,1,0,0,0,0,0,0,0,1,8
,,1.0,NP.48,كل راقص متمرس بيصور المدرب في التمارين.,65,0,1,0,0,0,0,0,1,1,0,0,0,0,0,0,0,1,7
,,1.0,cleft.68,ايه الي كان الطباخ المحترف بيجزه في المطبخ الجديد؟,136,1,0,0,0,1,0,0,0,1,0,0,0,0,0,0,0,1,9
هو جمانة كذابة؟,7.0,1.0,congruent.04,أختي جمانة مبتعرفش تكذب.,4,0,0,0,0,0,1,0,0,1,0,0,0,0,0,0,0,1,4
,,1.0,NP.18,كل مريضة متوترة بتطمن الدكتور بعد العلاج.,65,0,1,0,0,0,0,0,1,1,0,0,0,0,0,0,0,1,7
,,1.0,congruent.19,أدم وقع وسلخ ركبته.,4,0,0,0,0,0,1,0,0,1,0,0,0,0,0,0,0,1,4
,,1.0,BVA.04,كل شيف محترفة بتأكل نفسها من الأكل.,68,0,1,0,0,0,1,0,0,1,0,0,0,0,0,0,0,1,7
,,1.0,yn.41,هو كانت الكوفايرة المتمرسة بتعتبر الاطفال من الزباين المزعجين.,129,1,0,0,0,0,0,0,1,1,0,0,0,0,0,0,0,1,9
,,1.0,incongruent.49,هي لبست جزمة بكعب ختم.,21,0,0,0,1,0,1,0,1,1,0,0,0,0,0,0,0,1,5
,,1.0,BA.34,لما هو كان في المحكمة القاضي عاقب المجرم.,34,0,0,1,0,0,0,1,0,1,0,0,0,0,0,0,0,1,8
,,1.0,cleft.66,مين الي كان الصياد الشجاع بينقذه من نص البحر؟,136,1,0,0,0,1,0,0,0,1,0,0,0,0,0,0,0,1,9
هو الصيدلانية صرفت الادوية؟,9.0,1.0,Control.19,لما أنا كنت في المستشفى الصيدلانية صرفت الادوية.,33,0,0,1,0,0,0,0,1,1,0,0,0,0,0,0,0,1,8
,,1.0,in-situ.05,هو كان السباح المتحمس بينافس مين في البطولة الافريقية؟,132,1,0,0,0,0,1,0,0,1,0,0,0,0,0,0,0,1,9
,,1.0,RA.33,العالمة الحريصة بتحمي نفسها قبل التجارب.,66,0,1,0,0,0,0,1,0,1,0,0,0,0,0,0,0,1,6
,,,,break,0,0,0,0,0,0,0,0,0,0,0,0,0,0,0,0,0,0,1
,,1.0,in-situ.11,هو كانت الساحرة الشريرة بتخطط ايه في الكتاب المشوق؟,132,1,0,0,0,0,1,0,0,1,0,0,0,0,0,0,0,1,9
,,1.0,RA.65,السواق الجديد بيفكر نفسه قبل الامتحان.,66,0,1,0,0,0,0,1,0,1,0,0,0,0,0,0,0,1,6
,,1.0,yn.42,هو كان المحاسب المشغول عين مساعد عشان يخفف الضغط؟,129,1,0,0,0,0,0,0,1,1,0,0,0,0,0,0,0,1,9
,,1.0,BA.5,لما هي كانت في المكتب السكرتيرة نظمت المستندات.,34,0,0,1,0,0,0,1,0,1,0,0,0,0,0,0,0,1,8
هي المحامية خسرت القضية؟,9.0,1.0,RA.34,المحامية المهمله بتلوم نفسها على الخساره.,66,0,1,0,0,0,0,1,0,1,0,0,0,0,0,0,0,1,6
,,1.0,congruent.20,اتسمت على اسم ولدتها.,4,0,0,0,0,0,1,0,0,1,0,0,0,0,0,0,0,1,4
,,1.0,in-situ.07,هو كان المخرج الاجنبي بيكلم مين عن الفلم الجديد؟,132,1,0,0,0,0,1,0,0,1,0,0,0,0,0,0,0,1,9
,,1.0,BVA.80,كل مجرم سفاح بيخبي نفسه من المباحث.,68,0,1,0,0,0,1,0,0,1,0,0,0,0,0,0,0,1,7
هي الحادثة آذيت المهندس؟,9.0,1.0,yn.30,هو كان المهندس المصاب شايل البضاعه ابل الحادثه الكبيرة؟,129,1,0,0,0,0,0,0,1,1,0,0,0,0,0,0,0,1,9
,,1.0,BA.35,لما هو كان في الشغل السواق وصل الزبون.,34,0,0,1,0,0,0,1,0,1,0,0,0,0,0,0,0,1,8
,,1.0,congruent.05,مالك كتب فصل في الكتاب.,5,0,0,0,0,0,1,0,1,1,0,0,0,0,0,0,0,1,5
,,1.0,cleft.71,مين الي كان المشجع المتحمس بيشجعه في بطولة الرماية؟,136,1,0,0,0,1,0,0,0,1,0,0,0,0,0,0,0,1,9
هو البحار كان في بيته؟,7.0,1.0,Control.50,لما أنا كنت في المينا البحار جهز المركب.,33,0,0,1,0,0,0,0,1,1,0,0,0,0,0,0,0,1,8
,,1.0,NP.49,كل طفل صغير بيأكل القطة في الحضانة.,65,0,1,0,0,0,0,0,1,1,0,0,0,0,0,0,0,1,7
,,1.0,cleft.69,ايه الي كان المغني المشهور بيغنىيه في الحفلة النهردة؟,136,1,0,0,0,1,0,0,0,1,0,0,0,0,0,0,0,1,9
,,1.0,NP.19,كل جراحة حريصة بتحفز الممرضين قبل العملية.,65,0,1,0,0,0,0,0,1,1,0,0,0,0,0,0,0,1,7
هي عملت بطاطس؟,7.0,1.0,incongruent.50,هي تبلة الستيك بالفلفل الشنطة.,21,0,0,0,1,0,1,0,1,1,0,0,0,0,0,0,0,1,5
,,1.0,BVA.05,كل بنت عطشانة بتشرب نفسها من الكوباية.,68,0,1,0,0,0,1,0,0,1,0,0,0,0,0,0,0,1,7
,,1.0,Control.20,لما أنا كنت في العمليات الممرضة ساعدت الدكتور.,33,0,0,1,0,0,0,0,1,1,0,0,0,0,0,0,0,1,8
,,1.0,incongruent.35,نورا محبوبة من كل نورها.,21,0,0,0,1,0,1,0,1,1,0,0,0,0,0,0,0,1,5
,,,,break,0,0,0,0,0,0,0,0,0,0,0,0,0,0,0,0,0,0,1
هو الجار رفض الهدية؟,7.0,1.0,yn.31,هو كان الجار الودود اخد هدية من الجران الجداد؟,129,1,0,0,0,0,0,0,1,1,0,0,0,0,0,0,0,1,9
,,1.0,NP.20,كل ممثلة قديرة بتكرر الشخصية في الأدوار.,65,0,1,0,0,0,0,0,1,1,0,0,0,0,0,0,0,1,7
,,1.0,BA.36,لما هو كان في المدرسة الناظر عاقب الطلاب.,34,0,0,1,0,0,0,1,0,1,0,0,0,0,0,0,0,1,8
,,1.0,incongruent.36,أثناء الكورة جو لوى فلوسه.,21,0,0,0,1,0,1,0,1,1,0,0,0,0,0,0,0,1,5
هي المذيعة بتشتغل في الاستوديو؟,9.0,1.0,BA.6,لما هي كانت في الاستوديو المذيعة حيت الجمهور.,34,0,0,1,0,0,0,1,0,1,0,0,0,0,0,0,0,1,8
,,1.0,BVA.81,كل مريض معدي بيحبس نفسه في الحجر.,68,0,1,0,0,0,1,0,0,1,0,0,0,0,0,0,0,1,7
,,1.0,congruent.21,الموظف ملا العربية بنزين.,4,0,0,0,0,0,1,0,0,1,0,0,0,0,0,0,0,1,4
,,1.0,Control.51,لما أنا كنت في الملعب المدرب علم اللعيبة.,33,0,0,1,0,0,0,0,1,1,0,0,0,0,0,0,0,1,8
,,1.0,cleft.70,ايه الي كان الدكتور المشغول بيعالجه في عيادة العظام؟,136,1,0,0,0,1,0,0,0,1,0,0,0,0,0,0,0,1,9
,,1.0,incongruent.51,السنة الدراسية بتبدأ في الجسر.,21,0,0,0,1,0,1,0,1,1,0,0,0,0,0,0,0,1,5
,,1.0,RA.66,المهندس الذكي بيجهز نفسه قبل المشروع.,66,0,1,0,0,0,0,1,0,1,0,0,0,0,0,0,0,1,6
,,1.0,in-situ.09,هو كانت البطلة الشجاعة بتحارب مين في آخر رواية؟,132,1,0,0,0,0,1,0,0,1,0,0,0,0,0,0,0,1,9
,,1.0,NP.50,كل اهوجي تعبان بيشرب الزباين من القهوة.,65,0,1,0,0,0,0,0,1,1,0,0,0,0,0,0,0,1,7
,,1.0,Control.21,لما أنا كنت في المعرض الرسامه عرضت اللوح.,33,0,0,1,0,0,0,0,1,1,0,0,0,0,0,0,0,1,8
هي الام راحت الابتدائية؟,9.0,1.0,cleft.72,مين الي كانت الأم الحنونة بتحضنه في المدرسة الابتدائية؟,136,1,0,0,0,1,0,0,0,1,0,0,0,0,0,0,0,1,9
,,1.0,congruent.06,خلال الفيلم اكلنا فشار بالزبدة.,5,0,0,0,0,0,1,0,1,1,0,0,0,0,0,0,0,1,5
,,1.0,yn.43,هو كان الجد الحنون بيحضن الولد عشان يبطل عياط؟,129,1,0,0,0,0,0,0,1,1,0,0,0,0,0,0,0,1,9
,,1.0,BVA.06,كل وزيرة جديدة بتكلم نفسها ابل الخطاب.,68,0,1,0,0,0,1,0,0,1,0,0,0,0,0,0,0,1,7
,,1.0,in-situ.12,هو كانت الدكتورة الجامعية بتناقش ايه في المؤتمر العلمي؟,132,1,0,0,0,0,1,0,0,1,0,0,0,0,0,0,0,1,9
هي الطفلة قبلت العقاب؟,7.0,1.0,RA.35,الطفلة الشقيه بتخبي نفسها من العقاب.,66,0,1,0,0,0,0,1,0,1,0,0,0,0,0,0,0,1,6
,,,,break,0,0,0,0,0,0,0,0,0,0,0,0,0,0,0,0,0,0,1
,,1.0,in-situ.17,هو كانت اللاعبة التعبانة بتنافس مين في المتش الاخير؟,132,1,0,0,0,0,1,0,0,1,0,0,0,0,0,0,0,1,9
,,1.0,congruent.07,إيمان حطت كورنفلكس في البولة.,5,0,0,0,0,0,1,0,1,1,0,0,0,0,0,0,0,1,5
,,1.0,NP.51,كل مذيع شاطر بيكلم المخرج عشان يتمرن.,65,0,1,0,0,0,0,0,1,1,0,0,0,0,0,0,0,1,7
هو العالم درس في القاهرة؟,7.0,1.0,in-situ.13,هو كان العالم المعاصر دارس ايه في جامعة الاسكندرية؟,132,1,0,0,0,0,1,0,0,1,0,0,0,0,0,0,0,1,9
,,1.0,BA.37,لما هو كان في العاصمة الوزير قابل الرئيس.,34,0,0,1,0,0,0,1,0,1,0,0,0,0,0,0,0,1,8
,,1.0,BVA.82,كل موظف ناجح بيتعب نفسه عشان النجاح.,68,0,1,0,0,0,1,0,0,1,0,0,0,0,0,0,0,1,7
,,1.0,cleft.81,مين الي كان الولد الضايع بيضربه في المول الكبير؟,136,1,0,0,0,1,0,0,0,1,0,0,0,0,0,0,0,1,9
,,1.0,BA.7,لما هي كانت في اللوكيشن الممثلة خالفت الكاتب.,34,0,0,1,0,0,0,1,0,1,0,0,0,0,0,0,0,1,8
,,1.0,cleft.73,ايه الي كان الولد الصغير بيشتريه من الدكان العصر؟,136,1,0,0,0,1,0,0,0,1,0,0,0,0,0,0,0,1,9
,,1.0,Control.22,لما أنا كنت في المسرح الممثلة مثلت الدور.,33,0,0,1,0,0,0,0,1,1,0,0,0,0,0,0,0,1,8
,,1.0,yn.44,هو كان الجراح الخبير بيعالج الكبتن من الفريق الوطني؟,129,1,0,0,0,0,0,0,1,1,0,0,0,0,0,0,0,1,9
,,1.0,congruent.22,الولاد سعدو رانيا تصلح عربيتها.,4,0,0,0,0,0,1,0,0,1,0,0,0,0,0,0,0,1,5
هي الست شجاعة؟,9.0,1.0,BVA.07,كل ست شجاعة بتحب نفسها في المجتمع.,68,0,1,0,0,0,1,0,0,1,0,0,0,0,0,0,0,1,7
,,1.0,incongruent.37,كل يوم اتنين الجنايني بيقص الخزنة.,22,0,0,0,1,0,1,1,0,1,0,0,0,0,0,0,0,1,6
,,1.0,RA.67,العجوز الحكيم بيعلم نفسه من الحياة.,66,0,1,0,0,0,0,1,0,1,0,0,0,0,0,0,0,1,6
هو المصور زار الغابة؟,9.0,1.0,yn.32,هو كان المصور الطموح بيصور الغابة عشان يطور الاستوديو؟,129,1,0,0,0,0,0,0,1,1,0,0,0,0,0,0,0,1,9
,,1.0,RA.36,الممرضه المصابة بتحبس نفسها في المستشفى.,66,0,1,0,0,0,0,1,0,1,0,0,0,0,0,0,0,1,6
,,1.0,incongruent.52,حنفية الحمام بدأت مكتبة.,20,0,0,0,1,0,1,0,0,1,0,0,0,0,0,0,0,1,4
,,1.0,Control.52,لما أنا كنت في المكتب المدير نظم الاجتماعات.,33,0,0,1,0,0,0,0,1,1,0,0,0,0,0,0,0,1,8
هي الخياطة بترفض التطور؟,7.0,1.0,NP.21,كل خياطة معروفة بتور المبتدئين عشان الزباين.,65,0,1,0,0,0,0,0,1,1,0,0,0,0,0,0,0,1,7
,,,,break,0,0,0,0,0,0,0,0,0,0,0,0,0,0,0,0,0,0,1
هو الأب قطع الديك الرومي؟,9.0,1.0,incongruent.38,الأب قطع الديك الرومي بشارع.,21,0,0,0,1,0,1,0,1,1,0,0,0,0,0,0,0,1,5
,,1.0,cleft.83,مين الي كانت العجوزة العصبية بتهزءه في سوق القماش؟,136,1,0,0,0,1,0,0,0,1,0,0,0,0,0,0,0,1,9
,,1.0,NP.52,كل مغني مغرور بيحب الجمهور في الاستعراض.,65,0,1,0,0,0,0,0,1,1,0,0,0,0,0,0,0,1,7
,,1.0,BA.38,لما هو كان في البيت الكهربائي حاسب الاب.,34,0,0,1,0,0,0,1,0,1,0,0,0,0,0,0,0,1,8
,,1.0,RA.37,الملكة المخلصة بتحسن نفسها عشان الشعب.,66,0,1,0,0,0,0,1,0,1,0,0,0,0,0,0,0,1,6
هو المدير كان بيكتب الملاحظات؟,7.0,1.0,Control.23,لما أنا كنت في الأجتماع السكرتيره كتبت الملاحظات.,33,0,0,1,0,0,0,0,1,1,0,0,0,0,0,0,0,1,8
,,1.0,yn.45,هو كان الحرامي المسجون سارئ الدكتور من سكان الكمبوند؟,129,1,0,0,0,0,0,0,1,1,0,0,0,0,0,0,0,1,9
,,1.0,BVA.08,كل مسجونة ندمانة بتسامح نفسها بعد الخروج.,68,0,1,0,0,0,1,0,0,1,0,0,0,0,0,0,0,1,7
,,1.0,incongruent.53,المركب عدت بسهولة من تحت الدقيقة.,22,0,0,0,1,0,1,1,0,1,0,0,0,0,0,0,0,1,6
,,1.0,BVA.83,كل طالب متوتر بيطمن نفسه بعد المذاكرة.,68,0,1,0,0,0,1,0,0,1,0,0,0,0,0,0,0,1,7
,,1.0,in-situ.21,هو كان البلوجر الغيور فضح مين في البوست الطويل؟,132,1,0,0,0,0,1,0,0,1,0,0,0,0,0,0,0,1,9
,,1.0,NP.22,كل طالبة مجتهده بينتقد المدرسة بعد الحصة,65,0,1,0,0,0,0,0,1,1,0,0,0,0,0,0,0,1,7
هي الشيف برنمجها مباشر؟,9.0,1.0,in-situ.14,هو كانت الشيف المحبوبة طبخة ايه في البرنامج المباشر؟,132,1,0,0,0,0,1,0,0,1,0,0,0,0,0,0,0,1,9
,,1.0,Control.53,لما أنا كنت في المطار الطيار جهز الطاقم.,33,0,0,1,0,0,0,0,1,1,0,0,0,0,0,0,0,1,8
,,1.0,RA.68,المدرس المضغوط بيريح نفسة بعد الامتحانات.,66,0,1,0,0,0,0,1,0,1,0,0,0,0,0,0,0,1,6
,,1.0,congruent.23,السماد الزراعي بيقوي التربة.,4,0,0,0,0,0,1,0,0,1,0,0,0,0,0,0,0,1,4
,,1.0,cleft.74,ايه الي كان الكهربائي الكويس بيصلحه في محل الالكترونيات؟,136,1,0,0,0,1,0,0,0,1,0,0,0,0,0,0,0,1,9
هي الست قبلت الاسعار؟,7.0,1.0,BA.8,لما هي كانت في السوق الخياطة فاصلت البياع.,34,0,0,1,0,0,0,1,0,1,0,0,0,0,0,0,0,1,8
,,1.0,yn.46,هو كان المذيع اللبق بيسأل الضيوف على الاذاعة الصباحية؟,129,1,0,0,0,0,0,0,1,1,0,0,0,0,0,0,0,1,9
,,1.0,congruent.08,عمر كتبلها جواب حب.,4,0,0,0,0,0,1,0,0,1,0,0,0,0,0,0,0,1,4
,,,,break,0,0,0,0,0,0,0,0,0,0,0,0,0,0,0,0,0,0,1
,,1.0,incongruent.54,المدخن المتهور سبب حريقة في الرعد.,22,0,0,0,1,0,1,1,0,1,0,0,0,0,0,0,0,1,6
,,1.0,yn.48,هو كان الطالب الشاطر بيذاكر الرياضة في مكتبة الجامعة؟,129,1,0,0,0,0,0,0,1,1,0,0,0,0,0,0,0,1,9
,,1.0,NP.53,كل ولد غلطان بيسامح الاهل بعد العقاب.,65,0,1,0,0,0,0,0,1,1,0,0,0,0,0,0,0,1,7
,,1.0,yn.47,هو كانت البنت التعبانة بتنادي الشيخ في مسجد المحطه؟,129,1,0,0,0,0,0,0,1,1,0,0,0,0,0,0,0,1,9
,,1.0,incongruent.39,فريد حط الدودة على القاموس.,22,0,0,0,1,0,1,1,0,1,0,0,0,0,0,0,0,1,5
هي المديرة كانت فشلة؟,7.0,1.0,RA.38,المديره المهتمه بتريح نفسها بعد النجاح.,66,0,1,0,0,0,0,1,0,1,0,0,0,0,0,0,0,1,6
,,1.0,BA.39,لما هو كان في المطعم الشيف اكل الويتر.,34,0,0,1,0,0,0,1,0,1,0,0,0,0,0,0,0,1,8
,,1.0,NP.23,كل ام مقصره بتعاقب الولاد على التقصير.,65,0,1,0,0,0,0,0,1,1,0,0,0,0,0,0,0,1,7
هو المدرب كان عطشان؟,9.0,1.0,cleft.75,ايه الي كان المدرب العطشان بيشربه في ملعب الكوره؟,136,1,0,0,0,1,0,0,0,1,0,0,0,0,0,0,0,1,9
,,1.0,congruent.09,اشترى سجادة مسحتها من الحيطة للحيطة.,6,0,0,0,0,0,1,1,0,1,0,0,0,0,0,0,0,1,6
,,1.0,BVA.84,كل مدير مهموم بيهلك نفسه عشان النجاح.,68,0,1,0,0,0,1,0,0,1,0,0,0,0,0,0,0,1,7
,,1.0,in-situ.23,هو كان البيطري الشاطر عالج مين من مرضة العيادة؟,132,1,0,0,0,0,1,0,0,1,0,0,0,0,0,0,0,1,9
,,1.0,Control.24,لما أنا كنت في الجنينة الشغالة لعبت الاولاد.,33,0,0,1,0,0,0,0,1,1,0,0,0,0,0,0,0,1,8
,,1.0,congruent.24,الأم  رضعت المولود الجديد.,4,0,0,0,0,0,1,0,0,1,0,0,0,0,0,0,0,1,4
,,1.0,in-situ.15,هو كان البقال العجوز بيبيع ايه في محلة الصغير؟,132,1,0,0,0,0,1,0,0,1,0,0,0,0,0,0,0,1,9
,,1.0,RA.69,الغطاس القديم بيحمي نفسه من الخطر.,66,0,1,0,0,0,0,1,0,1,0,0,0,0,0,0,0,1,6
,,1.0,Control.54,لما أنا كنت في الاستوديو المنتج ضبط المشهد.,33,0,0,1,0,0,0,0,1,1,0,0,0,0,0,0,0,1,8
هي دكتورة جامعية بتدرس؟,9.0,1.0,BVA.09,كل دكتورة جامعية بتعاين نفسها بعد المحاضرة.,68,0,1,0,0,0,1,0,0,1,0,0,0,0,0,0,0,1,7
,,1.0,cleft.84,مين الي كان الراجل البخيل يبفاصله في محل العطور؟,136,1,0,0,0,1,0,0,0,1,0,0,0,0,0,0,0,1,9
هو الحرامي متشفش؟,7.0,1.0,BA.9,لما هي كانت في البيت الشغالة شافت الحرامي.,34,0,0,1,0,0,0,1,0,1,0,0,0,0,0,0,0,1,8
,,,,break,0,0,0,0,0,0,0,0,0,0,0,0,0,0,0,0,0,0,1
,,1.0,BA.10,لما هي كانت في المدرسة الام ودعت الولاد.,34,0,0,1,0,0,0,1,0,1,0,0,0,0,0,0,0,1,8
,,1.0,cleft.85,مين الي كان المدرس الشديد بيهزءه في الصف الصبح؟,136,1,0,0,0,1,0,0,0,1,0,0,0,0,0,0,0,1,9
,,1.0,incongruent.55,المحاضرة مفروض تكون حوالي ساعة فضاء.,22,0,0,0,1,0,1,1,0,1,0,0,0,0,0,0,0,1,6
هي المعلمة تقرأ في المكتبه؟,9.0,1.0,cleft.76,ايه الي كانت المعلمة الذكية بتقراه في المكتبه الهادية؟,136,1,0,0,0,1,0,0,0,1,0,0,0,0,0,0,0,1,9
,,1.0,BVA.85,كل دكتور حريص بيعقم نفسه قبل العمليات.,68,0,1,0,0,0,1,0,0,1,0,0,0,0,0,0,0,1,7
,,1.0,in-situ.24,هو كان الراجل المحترم بيحب مين من بنات الجيران؟,132,1,0,0,0,0,1,0,0,1,0,0,0,0,0,0,0,1,9
,,1.0,incongruent.40,هو اشتراها من محل الضغط.,21,0,0,0,1,0,1,0,1,1,0,0,0,0,0,0,0,1,5
,,1.0,Control.55,لما أنا كنت في الطوارئ الجراح انقذ العجوز.,33,0,0,1,0,0,0,0,1,1,0,0,0,0,0,0,0,1,8
,,1.0,NP.54,كل موظف مركز بينتقد الفريق بعد المشروع.,65,0,1,0,0,0,0,0,1,1,0,0,0,0,0,0,0,1,7
هو العرض كان في متحف؟,7.0,1.0,Control.25,لما أنا كنت في العرض المصممه عرضت التصاميم.,33,0,0,1,0,0,0,0,1,1,0,0,0,0,0,0,0,1,8
,,1.0,BVA.10,كل مديرة طموحا بترشح نفسها عشان المركز.,68,0,1,0,0,0,1,0,0,1,0,0,0,0,0,0,0,1,7
,,1.0,yn.49,هو كان الشخص العيان مستني الدكتور في المستشفى الصغيرة؟,129,1,0,0,0,0,0,0,1,1,0,0,0,0,0,0,0,1,9
,,1.0,BA.40,لما هو كان في المعمل العالم علم المساعد.,34,0,0,1,0,0,0,1,0,1,0,0,0,0,0,0,0,1,8
,,1.0,NP.24,كل دكتورة تجميل بتجمل المرضى عشان التسويق.,65,0,1,0,0,0,0,0,1,1,0,0,0,0,0,0,0,1,7
هو اسمي كان في اللستة؟,9.0,1.0,congruent.10,حطيت اسمي في اللستة.,4,0,0,0,0,0,1,0,0,1,0,0,0,0,0,0,0,1,4
,,1.0,RA.70,الباريستا المحترف بيتور نفسه عشان الزباين.,66,0,1,0,0,0,0,1,0,1,0,0,0,0,0,0,0,1,6
,,1.0,yn.50,هو كانت الست المستعجله بتشوف العصاير في السوبرماركت الجديد؟,129,1,0,0,0,0,0,0,1,1,0,0,0,0,0,0,0,1,9
,,1.0,congruent.25,عازف الؤرج عزف مع مغنين الكنيسة.,6,0,0,0,0,0,1,1,0,1,0,0,0,0,0,0,0,1,6
هي المستشارة بتهمل شغلها؟,7.0,1.0,RA.39,المستشاره المتعمقة بتهلك نفسها عشان العميل.,66,0,1,0,0,0,0,1,0,1,0,0,0,0,0,0,0,1,6
,,1.0,in-situ.16,هو كانت الام المرتبة بتحضر ايه في البيت الجديد؟,132,1,0,0,0,0,1,0,0,1,0,0,0,0,0,0,0,1,9
,,,,break,0,0,0,0,0,0,0,0,0,0,0,0,0,0,0,0,0,0,1
,,1.0,congruent.26,عربيات السباق تلقت العلم الي عليه مربعات.,7,0,0,0,0,0,1,1,1,1,0,0,0,0,0,0,0,1,7
,,1.0,NP.55,كل سياسي جاهز بيرشح المرشح عشان الانتخابات.,65,0,1,0,0,0,0,0,1,1,0,0,0,0,0,0,0,1,7
هو الحكم رفض الرشوة؟,7.0,1.0,in-situ.18,هو كان الحكم المرتشي غير ايه في البطوله العالميه؟,132,1,0,0,0,0,1,0,0,1,0,0,0,0,0,0,0,1,9
,,1.0,cleft.86,مين الي كان الممثل المشهور بينافسه في الاوسكار الاخير؟,136,1,0,0,0,1,0,0,0,1,0,0,0,0,0,0,0,1,9
,,1.0,BVA.86,كل سواق مشتت بيعاتب نفسه بعد الحادثة.,68,0,1,0,0,0,1,0,0,1,0,0,0,0,0,0,0,1,7
,,1.0,incongruent.41,هو فك الكرفتة الي حولين حصانه.,22,0,0,0,1,0,1,1,0,1,0,0,0,0,0,0,0,1,6
هو المغنية بتشجع نفسها؟,9.0,1.0,BVA.11,كل مغنية مشهورة بتشجع نفسها قبل الاستعراض.,68,0,1,0,0,0,1,0,0,1,0,0,0,0,0,0,0,1,7
,,1.0,yn.52,هو كان الراجل القوي بيساعد المصابين في مكان الحادثة؟,129,1,0,0,0,0,0,0,1,1,0,0,0,0,0,0,0,1,9
,,1.0,incongruent.56,الخنزير نام في الدرج.,20,0,0,0,1,0,1,0,0,1,0,0,0,0,0,0,0,1,4
,,1.0,Control.56,لما أنا كنت في البيت الكهربائي صلح النور.,33,0,0,1,0,0,0,0,1,1,0,0,0,0,0,0,0,1,8
,,1.0,BA.41,لما هو كان في المستشفى الجراح كلم الممرضة.,34,0,0,1,0,0,0,1,0,1,0,0,0,0,0,0,0,1,8
,,1.0,RA.40,القائدة المهتمه بتعاتب نفسها بعد الفشل.,66,0,1,0,0,0,0,1,0,1,0,0,0,0,0,0,0,1,6
,,1.0,in-situ.33,هو كان الكاتب المثقف بيترجم مين من الكتاب الكبار.,132,1,0,0,0,0,1,0,0,1,0,0,0,0,0,0,0,1,9
هي المصورة بتعلم؟,9.0,1.0,NP.25,كل مصورة مبدعة بتدرب المتعلمين على الزوايا.,65,0,1,0,0,0,0,0,1,1,0,0,0,0,0,0,0,1,7
,,1.0,cleft.77,ايه الي كان الولد الكسلان بيتابعه على تلفزيون الصالة؟,136,1,0,0,0,1,0,0,0,1,0,0,0,0,0,0,0,1,9
,,1.0,Control.26,لما أنا كنت في الطيارة المضيفة جابت الأكل.,33,0,0,1,0,0,0,0,1,1,0,0,0,0,0,0,0,1,8
,,1.0,RA.71,المجرم الجريئ بيهيئ نفسه قبل الجريمة.,66,0,1,0,0,0,0,1,0,1,0,0,0,0,0,0,0,1,6
هو انا بحب الكيك مع الشي؟,7.0,1.0,congruent.11,أنا بحب الكيك مع الآيس كريم.,6,0,0,0,0,0,1,1,0,1,0,0,0,0,0,0,0,1,6
,,1.0,BA.11,لما هي كانت في المطبخ الطباخة كلمت السواق.,34,0,0,1,0,0,0,1,0,1,0,0,0,0,0,0,0,1,8
,,1.0,yn.51,هو كانت الام المشغوله بتطبخ الغدا في المطبخ الخارجي؟,129,1,0,0,0,0,0,0,1,1,0,0,0,0,0,0,0,1,9
,,,,break,0,0,0,0,0,0,0,0,0,0,0,0,0,0,0,0,0,0,1
,,1.0,cleft.78,ايه الي كان المصور الفنان بيصوره علي مسرح القاعة؟,136,1,0,0,0,1,0,0,0,1,0,0,0,0,0,0,0,1,9
,,1.0,BA.42,لما هو كان في المكتب المحامي جاب المتهم.,34,0,0,1,0,0,0,1,0,1,0,0,0,0,0,0,0,1,8
هو الام كانت هادية؟,7.0,1.0,BVA.12,كل أم قلوقة بتحاسب نفسها علي الحوادث.,68,0,1,0,0,0,1,0,0,1,0,0,0,0,0,0,0,1,7
,,1.0,in-situ.34,هو كانت الموظفة الشقيانة بتساعد مين في المشروع المتأخر؟,132,1,0,0,0,0,1,0,0,1,0,0,0,0,0,0,0,1,9
,,1.0,incongruent.42,هو بعت الجواب من غير سلم.,22,0,0,0,1,0,1,1,0,1,0,0,0,0,0,0,0,1,6
,,1.0,BVA.87,كل ممثل مغرور بيمدح نفسه بعد العرض.,68,0,1,0,0,0,1,0,0,1,0,0,0,0,0,0,0,1,7
هو الساندوتش كان ساندوتش جبنة بالزتون؟,9.0,1.0,congruent.12,أنا طلبة ساندوتش جبنة بالزتون.,5,0,0,0,0,0,1,0,1,1,0,0,0,0,0,0,0,1,5
,,1.0,yn.53,هو كانت البنت الجعانة مستنية الجرسون في المطعم الهندي؟,129,1,0,0,0,0,0,0,1,1,0,0,0,0,0,0,0,1,9
,,1.0,Control.57,لما أنا كنت في المؤتمر السفير القى كلمة.,33,0,0,1,0,0,0,0,1,1,0,0,0,0,0,0,0,1,8
,,1.0,cleft.87,مين الي كان الشاعر المعروف بيغازله في المهرجان الصيفي؟,136,1,0,0,0,1,0,0,0,1,0,0,0,0,0,0,0,1,9
هو المغنية بتهيء الفرقه؟,9.0,1.0,NP.26,كل مغنية مشهوره بتهيء الفرقه قبل الحفلة.,65,0,1,0,0,0,0,0,1,1,0,0,0,0,0,0,0,1,7
,,1.0,Control.27,لما أنا كنت في المكتب المترجمة ترجمة الوثائق.,33,0,0,1,0,0,0,0,1,1,0,0,0,0,0,0,0,1,8
,,1.0,in-situ.19,هو كان المخرج الفرنسي بيعرض ايه في المختمع العربي؟,132,1,0,0,0,0,1,0,0,1,0,0,0,0,0,0,0,1,9
,,1.0,incongruent.57,جرا الرياضي اخر ربع صيد.,21,0,0,0,1,0,1,0,1,1,0,0,0,0,0,0,0,1,5
,,1.0,RA.72,الممثل المتحمس بيحفز نفسه قبل المسرحيه.,66,0,1,0,0,0,0,1,0,1,0,0,0,0,0,0,0,1,6
هو الطالب حل الواجب في البيت؟,7.0,1.0,yn.54,هو كان الطالب المشغول بيحل الواجب في قاعة المدرسة؟,129,1,0,0,0,0,0,0,1,1,0,0,0,0,0,0,0,1,9
,,1.0,BA.12,لما هي كانت في الصالون الكوافيرة ظبطت الزبونة.,34,0,0,1,0,0,0,1,0,1,0,0,0,0,0,0,0,1,8
,,1.0,NP.56,كل رياضي متحمس بيعاين الفريق بعد المباراة.,65,0,1,0,0,0,0,0,1,1,0,0,0,0,0,0,0,1,7
,,1.0,congruent.27,المركب اختفت في الشبورة الكثيفة.,5,0,0,0,0,0,1,0,1,1,0,0,0,0,0,0,0,1,5
,,1.0,RA.41,المربية المسؤوله بتحمل نفسها عشان الولاد.,66,0,1,0,0,0,0,1,0,1,0,0,0,0,0,0,0,1,6
,,,,break,0,0,0,0,0,0,0,0,0,0,0,0,0,0,0,0,0,0,1
,,1.0,incongruent.58,الشتا كان قاسي اوي المية.,21,0,0,0,1,0,1,0,1,1,0,0,0,0,0,0,0,1,5
هو الرسامة بترسم نفسها؟,9.0,1.0,BVA.13,كل رسامة معروفة بترسم نفسها عشان تتشهر.,68,0,1,0,0,0,1,0,0,1,0,0,0,0,0,0,0,1,7
,,1.0,cleft.88,مين الي كان العجوز الطيب بيساعده في السوبرماركت؟,136,1,0,0,0,1,0,0,0,1,0,0,0,0,0,0,0,1,8
,,1.0,BA.13,لما هي كانت في البيت الداية ساعدت الام.,34,0,0,1,0,0,0,1,0,1,0,0,0,0,0,0,0,1,8
,,1.0,RA.73,المبرمج المحترف بيدرب نفسه على البروجرام.,66,0,1,0,0,0,0,1,0,1,0,0,0,0,0,0,0,1,6
هو الولد كان شجاع؟,7.0,1.0,yn.58,هو كان الولد الخايف سامع اصوات في البيت المسكون؟,129,1,0,0,0,0,0,0,1,1,0,0,0,0,0,0,0,1,9
,,1.0,in-situ.35,هو كانت البنت المتأخرة مستنيه مين عشان يجهز؟,132,1,0,0,0,0,1,0,0,1,0,0,0,0,0,0,0,1,8
,,1.0,Control.28,لما أنا كنت في القاعة المنظمة جهزت الزينة.,33,0,0,1,0,0,0,0,1,1,0,0,0,0,0,0,0,1,8
,,1.0,RA.42,الرياضة الحريفة بتشجع نفسها عشان تكسب.,66,0,1,0,0,0,0,1,0,1,0,0,0,0,0,0,0,1,6
,,1.0,cleft.79,ايه الي كان الرسام المحترف بيرسمه علي الحطان؟,136,1,0,0,0,1,0,0,0,1,0,0,0,0,0,0,0,1,8
هو الحارس ضيع الهربنين؟,7.0,1.0,Control.58,لما أنا كنت في السجن الحارس مسك الهربنين.,33,0,0,1,0,0,0,0,1,1,0,0,0,0,0,0,0,1,8
,,1.0,congruent.13,مصطفى طلب همبرغر و بطاطس.,5,0,0,0,0,0,1,0,1,1,0,0,0,0,0,0,0,1,5
,,1.0,NP.57,كل مجرم مسجون بيحاسب المحامي على الحبسة.,65,0,1,0,0,0,0,0,1,1,0,0,0,0,0,0,0,1,7
,,1.0,in-situ.20,هو كان الطباخ المهمل عمل ايه عشان يتؤف فجأه؟,132,1,0,0,0,0,1,0,0,1,0,0,0,0,0,0,0,1,9
,,1.0,congruent.28,الولد الصغير شاط الكورة.,4,0,0,0,0,0,1,0,0,1,0,0,0,0,0,0,0,1,4
,,1.0,yn.55,هو كان السواق المشتت خبط الحاجز في الباركنج الزحمة؟,129,1,0,0,0,0,0,0,1,1,0,0,0,0,0,0,0,1,9
,,1.0,BVA.88,كل شيف محترف بيطور نفسه في المطعم.,68,0,1,0,0,0,1,0,0,1,0,0,0,0,0,0,0,1,7
,,1.0,incongruent.43,جزمتها الجديدة مقاسها سنة.,20,0,0,0,1,0,1,0,0,1,0,0,0,0,0,0,0,1,4
هي المدرسة كانت مجتهدة؟,9.0,1.0,NP.27,كل مدرسة مجتهدة بترتب الطلاب قبل الحصص.,65,0,1,0,0,0,0,0,1,1,0,0,0,0,0,0,0,1,7
,,1.0,BA.43,لما هو كان في الورشة النجار درب المساعد.,34,0,0,1,0,0,0,1,0,1,0,0,0,0,0,0,0,1,8
,,,,break,0,0,0,0,0,0,0,0,0,0,0,0,0,0,0,0,0,0,1
,,1.0,Control.29,لما أنا كنت في الاستوديو المذيعة قدمة النشرة.,33,0,0,1,0,0,0,0,1,1,0,0,0,0,0,0,0,1,8
,,1.0,RA.43,المحامية الشغوفه بتطور نفسها عشان القضايا.,66,0,1,0,0,0,0,1,0,1,0,0,0,0,0,0,0,1,6
هو االقبطان شتم الطقم؟,7.0,1.0,BA.44,لما هو كان علي المركب القبطان شجع التقم.,34,0,0,1,0,0,0,1,0,1,0,0,0,0,0,0,0,1,8
,,1.0,incongruent.59,الجنينة اتدمرت بسبب المكنسة.,20,0,0,0,1,0,1,0,0,1,0,0,0,0,0,0,0,1,4
,,1.0,yn.59,هو كانت المستشارة المتسامحة بتشرح السياسات في أوضة الاجتماعات؟,129,1,0,0,0,0,0,0,1,1,0,0,0,0,0,0,0,1,9
,,1.0,NP.58,كل ولد صغير بيرسم الام في الرسمة,65,0,1,0,0,0,0,0,1,1,0,0,0,0,0,0,0,1,7
,,1.0,BA.14,لما هي كانت في الورشة الرسامة نقدت الفنان.,34,0,0,1,0,0,0,1,0,1,0,0,0,0,0,0,0,1,8
,,1.0,in-situ.36,هو كانت الصحفية العنيدة بتعارض مين في المقال النهاردة؟,132,1,0,0,0,0,1,0,0,1,0,0,0,0,0,0,0,1,9
,,1.0,RA.74,الممرض المنتبه بينظف نفسه بين الشفتات.,66,0,1,0,0,0,0,1,0,1,0,0,0,0,0,0,0,1,6
هو التاجر بيشتغل في سوق الخضار؟,9.0,1.0,cleft.80,ايه الي كان التاجر النصاب يبيعه في سوق الخضار؟,136,1,0,0,0,1,0,0,0,1,0,0,0,0,0,0,0,1,9
,,1.0,Control.59,لما أنا كنت في الجيم المدرب مرن المتسابقين.,33,0,0,1,0,0,0,0,1,1,0,0,0,0,0,0,0,1,8
,,1.0,congruent.14,كارما صحت بعد حلم وحش.,5,0,0,0,0,0,1,0,1,1,0,0,0,0,0,0,0,1,5
,,1.0,cleft.89,مين الي كانت العميلة المزعجة بتهزءه على الخط الاساسي؟,136,1,0,0,0,1,0,0,0,1,0,0,0,0,0,0,0,1,9
هو الطفلة بتأكل القطة؟,7.0,1.0,NP.28,كل طفلة صغيرة بتأكل العروسة عشان تتعلم.,65,0,1,0,0,0,0,0,1,1,0,0,0,0,0,0,0,1,7
,,1.0,in-situ.22,هو كانت الخياطة الشاترة بطرز ايه عشان العروسة الجميلة؟,132,1,0,0,0,0,1,0,0,1,0,0,0,0,0,0,0,1,9
,,1.0,BVA.14,كل ممرضة مبتدئة بتتحدى نفسها في الشغل.,68,0,1,0,0,0,1,0,0,1,0,0,0,0,0,0,0,1,7
,,1.0,yn.56,هو كان المدير القاسي بيطرد الموظف في اجتماع الشغل؟,129,1,0,0,0,0,0,0,1,1,0,0,0,0,0,0,0,1,9
هو انا بشرب سجاير؟,9.0,1.0,incongruent.44,أنا عموما بدخن سجاير الطاقة.,21,0,0,0,1,0,1,0,1,1,0,0,0,0,0,0,0,1,5
,,1.0,BVA.89,كل مبتدئ مهتم بيغير نفسه عشان التطور.,68,0,1,0,0,0,1,0,0,1,0,0,0,0,0,0,0,1,7
,,1.0,congruent.29,هما ربو الخنازير في مزرعتهم.,5,0,0,0,0,0,1,0,1,1,0,0,0,0,0,0,0,1,5
,,,,break,0,0,0,0,0,0,0,0,0,0,0,0,0,0,0,0,0,0,1
,,1.0,in-situ.37,هو كانت الشاعرة الحساسة بتوصف مين في الديوان المشهور؟,132,1,0,0,0,0,1,0,0,1,0,0,0,0,0,0,0,1,9
,,1.0,congruent.15,المتسكل ممكن يعمل دوشة.,4,0,0,0,0,0,1,0,0,1,0,0,0,0,0,0,0,1,4
,,1.0,NP.59,كل كاتب محبوب بيتحدى الشخصياة عشان يتحسن.,65,0,1,0,0,0,0,0,1,1,0,0,0,0,0,0,0,1,7
هو المريضة كانت جعانة؟,9.0,1.0,in-situ.25,هو كانت المريضة الجعانة بتاكل ايه عشان تتحسن حلتها؟,132,1,0,0,0,0,1,0,0,1,0,0,0,0,0,0,0,1,9
,,1.0,Control.60,لما أنا كنت في المصنع النجار عمل ترابيزة.,33,0,0,1,0,0,0,0,1,1,0,0,0,0,0,0,0,1,8
,,1.0,RA.75,الشخص الجبان بيشجع نفسه قبل المواجهة.,66,0,1,0,0,0,0,1,0,1,0,0,0,0,0,0,0,1,6
,,1.0,incongruent.45,من سوء الحظ المشي تحت المراكب.,22,0,0,0,1,0,1,1,0,1,0,0,0,0,0,0,0,1,6
هو كان الطالب الذكي بيحل الواجب؟,7.0,1.0,yn.60,هو كان الطالب الذكي بيحل الامتحان في قاعة الامتحان؟,129,1,0,0,0,0,0,0,1,1,0,0,0,0,0,0,0,1,9
,,1.0,BA.45,لما هو كان في القسم الضابط حيا النقيب.,34,0,0,1,0,0,0,1,0,1,0,0,0,0,0,0,0,1,8
,,1.0,cleft.90,مين الي كان المراهق الشيطان بيضربه في شارع الحي؟,136,1,0,0,0,1,0,0,0,1,0,0,0,0,0,0,0,1,9
,,1.0,BVA.15,كل ممثلة صوتية بتسمع نفسها في الافلام.,68,0,1,0,0,0,1,0,0,1,0,0,0,0,0,0,0,1,7
,,1.0,BA.15,لما هي كانت في الكنيسة الراهبة كلمت البابا.,34,0,0,1,0,0,0,1,0,1,0,0,0,0,0,0,0,1,8
,,1.0,congruent.30,امبارح هما جديفو المركب في النهر.,6,0,0,0,0,0,1,1,0,1,0,0,0,0,0,0,0,1,6
هو الممثلة كانت بتغير نفسها للدور؟,9.0,1.0,RA.44,الممثلة المخلصة بتغير نفسها عشان الدور.,66,0,1,0,0,0,0,1,0,1,0,0,0,0,0,0,0,1,6
,,1.0,incongruent.60,بيسخنو البسين بالطاقة الفلفلية.,20,0,0,0,1,0,1,0,0,1,0,0,0,0,0,0,0,1,4
,,1.0,BVA.90,كل مدمن متعالج بيعاقب نفسه عشان الغلط.,68,0,1,0,0,0,1,0,0,1,0,0,0,0,0,0,0,1,7
,,1.0,cleft.82,ايه الي كانت الست الرغايه بتقوله في عزومة العيلة؟,136,1,0,0,0,1,0,0,0,1,0,0,0,0,0,0,0,1,9
هو الخياطة قطعت الفستان؟,7.0,1.0,Control.30,لما أنا كنت في المشغل الخياطة جهز الفستان.,33,0,0,1,0,0,0,0,1,1,0,0,0,0,0,0,0,1,8
,,1.0,NP.29,كل رسامة مبهرة بتنظف الولاد بعد الرسم.,65,0,1,0,0,0,0,0,1,1,0,0,0,0,0,0,0,1,7
,,1.0,yn.57,هو كان الراجل الشبعان مستني السواق عند كاشير المطعم؟,129,1,0,0,0,0,0,0,1,1,0,0,0,0,0,0,0,1,9
